Dataset_sequence_ID,Bat.species,Batfly.parasite,Laboulbeniales.hyperparasite,Biogeographical realm,Country,First mentioning in the literature,Complete reference,
Dataset_4_001,Rousettus aegyptiacus,Eucampsipoda hyrtli,Arthrorhynchus eucampsipodae ,Afrotropical,Egypt,Speiser (1901),Speiser P. Zur Kenntniss der geographischen Verbreitung der Ascomyceten-Gattung Helminthophana Peyritsch. Ber Deutsch Bot Ges. 1901;18:498-500.,
Dataset_4_002,Myotis daubentonii,Nycteribia kolenatii,Arthrorhynchus eucampsipodae ,Palearctic,England,Blackwell (1980),"Blackwell M. Incidence, host specificity, distribution, and morphological variation in Arthrorhynchus nycteribiae and A. eucampsipodae (Laboulbeniomycetes). Mycologia. 1980;72:143-158. https://doi.org/10.1080/00275514.1980.12021163",
Dataset_4_003,Myotis daubentonii,Nycteribia kolenatii,Arthrorhynchus eucampsipodae ,Palearctic,England,Blackwell (1980),"Blackwell M. Incidence, host specificity, distribution, and morphological variation in Arthrorhynchus nycteribiae and A. eucampsipodae (Laboulbeniomycetes). Mycologia. 1980;72:143-158. https://doi.org/10.1080/00275514.1980.12021163",
Dataset_4_004,Myotis capaccinii,Nycteribia pedicularia,Arthrorhynchus eucampsipodae ,Palearctic,France,Blackwell (1980),"Blackwell M. Incidence, host specificity, distribution, and morphological variation in Arthrorhynchus nycteribiae and A. eucampsipodae (Laboulbeniomycetes). Mycologia. 1980;72:143-158. https://doi.org/10.1080/00275514.1980.12021163",
Dataset_4_005,Rhinolophus hipposideros,Nycteribia pedicularia,Arthrorhynchus eucampsipodae ,Palearctic,France,Blackwell (1980),"Blackwell M. Incidence, host specificity, distribution, and morphological variation in Arthrorhynchus nycteribiae and A. eucampsipodae (Laboulbeniomycetes). Mycologia. 1980;72:143-158. https://doi.org/10.1080/00275514.1980.12021163",
Dataset_4_006,Rousettus aegyptiacus,Eucampsipoda africana,Arthrorhynchus eucampsipodae ,Afrotropical,Gabon,Balazuc (1971),"Balazuc J. Notes sur les Laboulbéniales. III. Rectifications, synonymies et mises au point (suite). Bull Mens Soc Linn Soc Bot Lyon. 1971;40:211-216.",
Dataset_4_007,Miniopterus schreibersii,Nycteribia schmidlii,Arthrorhynchus eucampsipodae ,Palearctic,Hungary,Haelewaters et al. (2017),"Haelewaters D, Pfliegler WP, Szentiványi T, Földvári M, Sándor AD, Barti L, Camacho JJ, Gort G, Estók P, Hiller T, Dick CW, Pfister DH. Parasites of parasites of bats: Laboulbeniales (Fungi: Ascomycota) on bat flies (Diptera: Nycteribiidae) in Central Europe. Parasit Vectors. 2017;10:96. https://doi.org/10.1186/s13071-017-2022-y",
Dataset_4_008,Miniopterus schreibersii,Nycteribia schmidlii,Arthrorhynchus eucampsipodae ,Palearctic,Hungary,Szentiványi et al. (2018a),"Szentiványi T, Haelewaters D, Pfliegler WP, Clément L, Christe P, Glaizot O. Laboulbeniales (Fungi: Ascomycota) infection of bat flies (Diptera: Nycteribiidae) from Miniopterus schreibersii across Europe. Parasites Vectors. 2018a;11:395. https://doi.org/10.1186/s13071-018-2921-6",
Dataset_4_009,Pipistrellus javanicus [as P. abramus],Basilia pumila,Arthrorhynchus eucampsipodae ,Indo-Malayan,India,Blackwell (1980),"Blackwell M. Incidence, host specificity, distribution, and morphological variation in Arthrorhynchus nycteribiae and A. eucampsipodae (Laboulbeniomycetes). Mycologia. 1980;72:143-158. https://doi.org/10.1080/00275514.1980.12021163",
Dataset_4_010,Rousettus aegyptiacus,Eucampsipoda hyrtli,Arthrorhynchus eucampsipodae ,Palearctic,Israel,Blackwell (1980),"Blackwell M. Incidence, host specificity, distribution, and morphological variation in Arthrorhynchus nycteribiae and A. eucampsipodae (Laboulbeniomycetes). Mycologia. 1980;72:143-158. https://doi.org/10.1080/00275514.1980.12021163",
Dataset_4_011,Myotis myotis,Penicillidia dufouri,Arthrorhynchus eucampsipodae ,Palearctic,Italy,Blackwell (1980),"Blackwell M. Incidence, host specificity, distribution, and morphological variation in Arthrorhynchus nycteribiae and A. eucampsipodae (Laboulbeniomycetes). Mycologia. 1980;72:143-158. https://doi.org/10.1080/00275514.1980.12021163",
Dataset_4_012,Miniopterus natalensis arenarius,Nycteribia schmidlii,Arthrorhynchus eucampsipodae ,Afrotropical,Kenya,Blackwell (1980),"Blackwell M. Incidence, host specificity, distribution, and morphological variation in Arthrorhynchus nycteribiae and A. eucampsipodae (Laboulbeniomycetes). Mycologia. 1980;72:143-158. https://doi.org/10.1080/00275514.1980.12021163",
Dataset_4_013,Chironax melanocphalus,Cyclopodia ferrarii,Arthrorhynchus eucampsipodae ,Indo-Malayan,Peninsular Malaysia,Blackwell (1980),"Blackwell M. Incidence, host specificity, distribution, and morphological variation in Arthrorhynchus nycteribiae and A. eucampsipodae (Laboulbeniomycetes). Mycologia. 1980;72:143-158. https://doi.org/10.1080/00275514.1980.12021163",
Dataset_4_014,Chironax melanocphalus,Cyclopodia ferrarii,Arthrorhynchus eucampsipodae ,Indo-Malayan,Peninsular Malaysia,Blackwell (1980),"Blackwell M. Incidence, host specificity, distribution, and morphological variation in Arthrorhynchus nycteribiae and A. eucampsipodae (Laboulbeniomycetes). Mycologia. 1980;72:143-158. https://doi.org/10.1080/00275514.1980.12021163",
Dataset_4_015,Rousettus aegyptiacus,Eucampsipoda africana,Arthrorhynchus eucampsipodae ,Afrotropical,Sierra Leone,Blackwell (1980),"Blackwell M. Incidence, host specificity, distribution, and morphological variation in Arthrorhynchus nycteribiae and A. eucampsipodae (Laboulbeniomycetes). Mycologia. 1980;72:143-158. https://doi.org/10.1080/00275514.1980.12021163",
Dataset_4_016,Miniopterus schreibersii,Nycteribia schmidlii,Arthrorhynchus eucampsipodae ,Palearctic,Slovakia,Szentiványi et al. (2018a),"Szentiványi T, Haelewaters D, Pfliegler WP, Clément L, Christe P, Glaizot O. Laboulbeniales (Fungi: Ascomycota) infection of bat flies (Diptera: Nycteribiidae) from Miniopterus schreibersii across Europe. Parasites Vectors. 2018a;11:395. https://doi.org/10.1186/s13071-018-2921-6",
Dataset_4_017,Miniopterus schreibersii,Nycteribia schmidlii,Arthrorhynchus eucampsipodae ,Palearctic,Spain,Szentiványi et al. (2018a),"Szentiványi T, Haelewaters D, Pfliegler WP, Clément L, Christe P, Glaizot O. Laboulbeniales (Fungi: Ascomycota) infection of bat flies (Diptera: Nycteribiidae) from Miniopterus schreibersii across Europe. Parasites Vectors. 2018a;11:395. https://doi.org/10.1186/s13071-018-2921-6",
Dataset_4_018,Miniopterus schreibersii,Nycteribia parvula,Arthrorhynchus eucampsipodae ,Indo-Malayan,Taiwan,Blackwell (1980),"Blackwell M. Incidence, host specificity, distribution, and morphological variation in Arthrorhynchus nycteribiae and A. eucampsipodae (Laboulbeniomycetes). Mycologia. 1980;72:143-158. https://doi.org/10.1080/00275514.1980.12021163",
Dataset_4_019,Myotis blythii [as M. oxygnathus],Nycteribia vexata,Arthrorhynchus eucampsipodae ,Palearctic,Tunisia,Blackwell (1980),"Blackwell M. Incidence, host specificity, distribution, and morphological variation in Arthrorhynchus nycteribiae and A. eucampsipodae (Laboulbeniomycetes). Mycologia. 1980;72:143-158. https://doi.org/10.1080/00275514.1980.12021163",
Dataset_4_020,Miniopterus schreibersii,Penicillidia dufouri,Arthrorhynchus nycteribiae,Austral-Oceania,Australia,Blackwell (1980),"Blackwell M. Incidence, host specificity, distribution, and morphological variation in Arthrorhynchus nycteribiae and A. eucampsipodae (Laboulbeniomycetes). Mycologia. 1980;72:143-158. https://doi.org/10.1080/00275514.1980.12021163",
Dataset_4_021,Miniopterus schreibersii,Penicillidia oceanica oceanica,Arthrorhynchus nycteribiae,Austral-Oceania,Australia,Blackwell (1980),"Blackwell M. Incidence, host specificity, distribution, and morphological variation in Arthrorhynchus nycteribiae and A. eucampsipodae (Laboulbeniomycetes). Mycologia. 1980;72:143-158. https://doi.org/10.1080/00275514.1980.12021163",
Dataset_4_022,Myotis myotis [as M. murinus],Nycteribia vexata [as Nycteribia montaguei],Arthrorhynchus nycteribiae [as Laboulbenia nycteribiae],Palearctic,Austria,Peyritsch (1871),"Peyritsch J. Über einige Pilze aus der Familie der Laboulbenien. Sitzungsber Kaiserl Akad Wiss Wien, Math-Naturwiss Cl. 1871;64:441-458.",
Dataset_4_023,Miniopterus schreibersii,Penicillidia conspicua,Arthrorhynchus nycteribiae [incorrectly identified as Stigmatomyces nycteribiidarum],Palearctic,"Bulgaria and/or Slovakia (all bat flies were treated together, regardless of origin)",Samsinakova (1960),Samsinakova A. Prispevek k poznáni entomofytnich hub na muchulovitych (Nycteribiidae). Beiträge zur Kenntnis der entomophagen Pilze auf den Nycteribiiden. Zool Listy (ser. 2) 1960;9:237-238.,
Dataset_4_024,Miniopterus schreibersii,Penicillidia dufouri,Arthrorhynchus nycteribiae [incorrectly identified as Stigmatomyces nycteribiidarum],Palearctic,"Bulgaria and/or Slovakia (all bat flies were treated together, regardless of origin)",Samsinakova (1960),Samsinakova A. Prispevek k poznáni entomofytnich hub na muchulovitych (Nycteribiidae). Beiträge zur Kenntnis der entomophagen Pilze auf den Nycteribiiden. Zool Listy (ser. 2) 1960;9:237-238.,
Dataset_4_025,Rhinolophus euryale,Penicillidia conspicua [as Megistopoda westwoodii],Arthrorhynchus nycteribiae [as A. westrumbii],Palearctic,"Central Europe [as ""Banat""]",Kolenati (1857),Kolenati FA. Epizoa der Nycteribien. Wien Entomol Monatsschr. 1857;1:66-69.,
Dataset_4_026,Myotis myotis [as M. murinus],Nycteribia sp.,Arthrorhynchus nycteribiae [as Laboulbenia nycteribiae],Palearctic,"Central Europe [as ""Banat""]",Peyritsch (1871),"Peyritsch J. Über einige Pilze aus der Familie der Laboulbenien. Sitzungsber Kaiserl Akad Wiss Wien, Math-Naturwiss Cl. 1871;64:441-458.",
Dataset_4_027,Myotis myotis [as M. murinus],Penicillidia dufouri,Arthrorhynchus nycteribiae [as Laboulbenia nycteribiae],Palearctic,"Central Europe [as ""Banat""]",Peyritsch (1871),"Peyritsch J. Über einige Pilze aus der Familie der Laboulbenien. Sitzungsber Kaiserl Akad Wiss Wien, Math-Naturwiss Cl. 1871;64:441-458.",
Dataset_4_028,Myotis myotis [as M. murinus],Nycteribia vexata [as Acrocholidia montguei (vexata)],Arthrorhynchus nycteribiae [as A. diesingii],Palearctic,Czech Republic [as Austria in Speiser 1901 and Thaxter 1908],Kolenati (1857),Kolenati FA. Epizoa der Nycteribien. Wien Entomol Monatsschr. 1857;1:66-69.,
Dataset_4_029,Miniopterus schreibersii,Penicillidia conspicua,Arthrorhynchus nycteribiae,Palearctic,"""Czecho-Slovakia""",Balazuc (1971),"Balazuc J. Notes sur les Laboulbéniales. III. Rectifications, synonymies et mises au point (suite). Bull Mens Soc Linn Soc Bot Lyon. 1971;40:211-216.",
Dataset_4_030,Miniopterus schreibersii,Penicillidia dufouri,Arthrorhynchus nycteribiae,Palearctic,"""Czecho-Slovakia""",Balazuc (1971),"Balazuc J. Notes sur les Laboulbéniales. III. Rectifications, synonymies et mises au point (suite). Bull Mens Soc Linn Soc Bot Lyon. 1971;40:211-216.",
Dataset_4_031,Rhinolophus euryale,Penicillidia conspicua [as Megistopoda westwoodii],Arthrorhynchus nycteribiae [as A. westrumbii],Palearctic,Croatia,Kolenati (1857),Kolenati FA. Epizoa der Nycteribien. Wien Entomol Monatsschr. 1857;1:66-69.,
Dataset_4_032,Miniopterus schreibersii,Penicillidia conspicua,Arthrorhynchus nycteribiae,Palearctic,Croatia,Szentiványi et al. (2018a),"Szentiványi T, Haelewaters D, Pfliegler WP, Clément L, Christe P, Glaizot O. Laboulbeniales (Fungi: Ascomycota) infection of bat flies (Diptera: Nycteribiidae) from Miniopterus schreibersii across Europe. Parasites Vectors. 2018a;11:395. https://doi.org/10.1186/s13071-018-2921-6",
Dataset_4_033,Myotis emarginatus [as Selysius emarginatus],Nycteribia latreillei,Arthrorhynchus nycteribiae,Palearctic,France,Balazuc (1971),"Balazuc J. Notes sur les Laboulbéniales. III. Rectifications, synonymies et mises au point (suite). Bull Mens Soc Linn Soc Bot Lyon. 1971;40:211-216.",
Dataset_4_034,Miniopterus schreibersii,Nycteribia schmidlii,Arthrorhynchus nycteribiae,Palearctic,France,Balazuc (1971),"Balazuc J. Notes sur les Laboulbéniales. III. Rectifications, synonymies et mises au point (suite). Bull Mens Soc Linn Soc Bot Lyon. 1971;40:211-216.",
Dataset_4_035,Miniopterus schreibersii,Nycteribia schmidlii,Arthrorhynchus nycteribiae,Palearctic,France,Blackwell (1980),"Blackwell M. Incidence, host specificity, distribution, and morphological variation in Arthrorhynchus nycteribiae and A. eucampsipodae (Laboulbeniomycetes). Mycologia. 1980;72:143-158. https://doi.org/10.1080/00275514.1980.12021163",
Dataset_4_036,Rhinolophus euryale,Penicillidia conspicua,Arthrorhynchus nycteribiae,Palearctic,France,Blackwell (1980),"Blackwell M. Incidence, host specificity, distribution, and morphological variation in Arthrorhynchus nycteribiae and A. eucampsipodae (Laboulbeniomycetes). Mycologia. 1980;72:143-158. https://doi.org/10.1080/00275514.1980.12021163",
Dataset_4_037,Miniopterus schreibersii,Penicillidia conspicua,Arthrorhynchus nycteribiae,Palearctic,France,Balazuc (1971),"Balazuc J. Notes sur les Laboulbéniales. III. Rectifications, synonymies et mises au point (suite). Bull Mens Soc Linn Soc Bot Lyon. 1971;40:211-216.",
Dataset_4_038,Miniopterus schreibersii,Penicillidia conspicua,Arthrorhynchus nycteribiae,Palearctic,France,Blackwell (1980),"Blackwell M. Incidence, host specificity, distribution, and morphological variation in Arthrorhynchus nycteribiae and A. eucampsipodae (Laboulbeniomycetes). Mycologia. 1980;72:143-158. https://doi.org/10.1080/00275514.1980.12021163",
Dataset_4_039,Myotis myotis [as Vespertilio murinus],Penicillidia conspicua,Arthrorhynchus nycteribiae,Palearctic,France,Blackwell (1980),"Blackwell M. Incidence, host specificity, distribution, and morphological variation in Arthrorhynchus nycteribiae and A. eucampsipodae (Laboulbeniomycetes). Mycologia. 1980;72:143-158. https://doi.org/10.1080/00275514.1980.12021163",
Dataset_4_040,Myotis capaccinii,Penicillidia conspicua,Arthrorhynchus nycteribiae,Palearctic,France,Blackwell (1980),"Blackwell M. Incidence, host specificity, distribution, and morphological variation in Arthrorhynchus nycteribiae and A. eucampsipodae (Laboulbeniomycetes). Mycologia. 1980;72:143-158. https://doi.org/10.1080/00275514.1980.12021163",
Dataset_4_041,Rhinolophus ferrumequinum,Penicillidia conspicua,Arthrorhynchus nycteribiae,Palearctic,France,Blackwell (1980),"Blackwell M. Incidence, host specificity, distribution, and morphological variation in Arthrorhynchus nycteribiae and A. eucampsipodae (Laboulbeniomycetes). Mycologia. 1980;72:143-158. https://doi.org/10.1080/00275514.1980.12021163",
Dataset_4_042,Myotis myotis,Penicillidia dufouri,Arthrorhynchus nycteribiae,Palearctic,France,Balazuc (1971),"Balazuc J. Notes sur les Laboulbéniales. III. Rectifications, synonymies et mises au point (suite). Bull Mens Soc Linn Soc Bot Lyon. 1971;40:211-216.",
Dataset_4_043,Miniopterus schreibersii,Penicillidia conspicua,Arthrorhynchus nycteribiae,Palearctic,Georgia,Szentiványi et al. (2018b),"Szentiványi T, Kravchenko K, Vlaschenko A, Estók P. First record of Laboulbeniales (Fungi: Ascomycota) infection on bat flies (Diptera: Nycteribiidae) from the Caucasus region. Folia Entomol Hung. 2018b;79:195-201. https://doi.org/10.17112/foliaenthung.2018.79.195",
Dataset_4_044,Miniopterus schreibersii,Nycteribia schmidlii,Arthrorhynchus nycteribiae,Palearctic,Hungary,Haelewaters et al. (2017),"Haelewaters D, Pfliegler WP, Szentiványi T, Földvári M, Sándor AD, Barti L, Camacho JJ, Gort G, Estók P, Hiller T, Dick CW, Pfister DH. Parasites of parasites of bats: Laboulbeniales (Fungi: Ascomycota) on bat flies (Diptera: Nycteribiidae) in Central Europe. Parasit Vectors. 2017;10:96. https://doi.org/10.1186/s13071-017-2022-y",
Dataset_4_045,Miniopterus schreibersii,Penicillidia conspicua,Arthrorhynchus nycteribiae [as Helminthophana nycteribiae],Palearctic,Hungary,Moesz (1931),Moesz G. Mykológiai közlemények VIII. Mykologische Mitteilungen VIII. Bot Közl. 1931;28:161-175.,
Dataset_4_046,Miniopterus schreibersii,Penicillidia conspicua,Arthrorhynchus nycteribiae,Palearctic,Hungary,Balazuc (1971),"Balazuc J. Notes sur les Laboulbéniales. III. Rectifications, synonymies et mises au point (suite). Bull Mens Soc Linn Soc Bot Lyon. 1971;40:211-216.",
Dataset_4_047,Rhinolophus euryale,Penicillidia conspicua,Arthrorhynchus nycteribiae,Palearctic,Hungary,Haelewaters et al. (2017),"Haelewaters D, Pfliegler WP, Szentiványi T, Földvári M, Sándor AD, Barti L, Camacho JJ, Gort G, Estók P, Hiller T, Dick CW, Pfister DH. Parasites of parasites of bats: Laboulbeniales (Fungi: Ascomycota) on bat flies (Diptera: Nycteribiidae) in Central Europe. Parasit Vectors. 2017;10:96. https://doi.org/10.1186/s13071-017-2022-y",
Dataset_4_048,Miniopterus schreibersii,Penicillidia conspicua,Arthrorhynchus nycteribiae,Palearctic,Hungary,Haelewaters et al. (2017),"Haelewaters D, Pfliegler WP, Szentiványi T, Földvári M, Sándor AD, Barti L, Camacho JJ, Gort G, Estók P, Hiller T, Dick CW, Pfister DH. Parasites of parasites of bats: Laboulbeniales (Fungi: Ascomycota) on bat flies (Diptera: Nycteribiidae) in Central Europe. Parasit Vectors. 2017;10:96. https://doi.org/10.1186/s13071-017-2022-y",
Dataset_4_049,Rhinolophus ferrumequinum,Phthiridium biarticulatum,Arthrorhynchus nycteribiae,Palearctic,Italy,Blackwell (1980),"Blackwell M. Incidence, host specificity, distribution, and morphological variation in Arthrorhynchus nycteribiae and A. eucampsipodae (Laboulbeniomycetes). Mycologia. 1980;72:143-158. https://doi.org/10.1080/00275514.1980.12021163",
Dataset_4_050,Miniopterus natalensis arenarius,Penicillidia fulvida,Arthrorhynchus nycteribiae,Afrotropical,Kenya,Blackwell (1980),"Blackwell M. Incidence, host specificity, distribution, and morphological variation in Arthrorhynchus nycteribiae and A. eucampsipodae (Laboulbeniomycetes). Mycologia. 1980;72:143-158. https://doi.org/10.1080/00275514.1980.12021163",
Dataset_4_051,Rhinolophus ferrumequinum keniensis [as R. clivosus keniensis],Penicillidia fulvida,Arthrorhynchus nycteribiae,Afrotropical,Kenya,Blackwell (1980),"Blackwell M. Incidence, host specificity, distribution, and morphological variation in Arthrorhynchus nycteribiae and A. eucampsipodae (Laboulbeniomycetes). Mycologia. 1980;72:143-158. https://doi.org/10.1080/00275514.1980.12021163",
Dataset_4_052,Myotis daubentonii,Nycteribia kolenatii,Arthrorhynchus nycteribiae,Palearctic,Poland,Nosawad (1973),"Nosawad A. Arthrorhynchus nycteribiae (Peyritsch) Thaxter (Ascomycetes, Laboulbeniales) w Polsce. Pol P Entomol. 1973;43:423-430.",
Dataset_4_053,Myotis nattereri,Nycteribia kolenatii,Arthrorhynchus nycteribiae,Palearctic,Poland,Nosawad (1973),"Nosawad A. Arthrorhynchus nycteribiae (Peyritsch) Thaxter (Ascomycetes, Laboulbeniales) w Polsce. Pol P Entomol. 1973;43:423-430.",
Dataset_4_054,Miniopterus schreibersii,Penicillidia dufouri,Arthrorhynchus nycteribiae,Palearctic,Portugal,Szentiványi et al. (2018a),"Szentiványi T, Haelewaters D, Pfliegler WP, Clément L, Christe P, Glaizot O. Laboulbeniales (Fungi: Ascomycota) infection of bat flies (Diptera: Nycteribiidae) from Miniopterus schreibersii across Europe. Parasites Vectors. 2018;11:395. https://doi.org/10.1186/s13071-018-2921-6",
Dataset_4_055,Myotis daubentonii,Penicillidia conspicua,Arthrorhynchus nycteribiae,Palearctic,Romania,Haelewaters et al. (2017),"Haelewaters D, Pfliegler WP, Szentiványi T, Földvári M, Sándor AD, Barti L, Camacho JJ, Gort G, Estók P, Hiller T, Dick CW, Pfister DH. Parasites of parasites of bats: Laboulbeniales (Fungi: Ascomycota) on bat flies (Diptera: Nycteribiidae) in Central Europe. Parasit Vectors. 2017;10:96. https://doi.org/10.1186/s13071-017-2022-y",
Dataset_4_056,Miniopterus schreibersii,Penicillidia conspicua,Arthrorhynchus nycteribiae,Palearctic,Romania,Haelewaters et al. (2017),"Haelewaters D, Pfliegler WP, Szentiványi T, Földvári M, Sándor AD, Barti L, Camacho JJ, Gort G, Estók P, Hiller T, Dick CW, Pfister DH. Parasites of parasites of bats: Laboulbeniales (Fungi: Ascomycota) on bat flies (Diptera: Nycteribiidae) in Central Europe. Parasit Vectors. 2017;10:96. https://doi.org/10.1186/s13071-017-2022-y",
Dataset_4_057,Miniopterus schreibersii,Penicillidia conspicua,Arthrorhynchus nycteribiae,Palearctic,Romania,Blackwell (1980),"Blackwell M. Incidence, host specificity, distribution, and morphological variation in Arthrorhynchus nycteribiae and A. eucampsipodae (Laboulbeniomycetes). Mycologia. 1980;72:143-158. https://doi.org/10.1080/00275514.1980.12021163",
Dataset_4_058,Rhinolophus ferrumequinum,Penicillidia conspicua,Arthrorhynchus nycteribiae,Palearctic,Romania,Blackwell (1980),"Blackwell M. Incidence, host specificity, distribution, and morphological variation in Arthrorhynchus nycteribiae and A. eucampsipodae (Laboulbeniomycetes). Mycologia. 1980;72:143-158. https://doi.org/10.1080/00275514.1980.12021163",
Dataset_4_059,Myotis myotis,Penicillidia dufouri,Arthrorhynchus nycteribiae,Palearctic,Romania,Haelewaters et al. (2017),"Haelewaters D, Pfliegler WP, Szentiványi T, Földvári M, Sándor AD, Barti L, Camacho JJ, Gort G, Estók P, Hiller T, Dick CW, Pfister DH. Parasites of parasites of bats: Laboulbeniales (Fungi: Ascomycota) on bat flies (Diptera: Nycteribiidae) in Central Europe. Parasit Vectors. 2017;10:96. https://doi.org/10.1186/s13071-017-2022-y",
Dataset_4_060,Rhinolophus euryale,Penicillidia conspicua [as Megistopoda westwoodii],Arthrorhynchus nycteribiae [as A. westrumbii],Palearctic,Serbia,Kolenati (1857),Kolenati FA. Epizoa der Nycteribien. Wien Entomol Monatsschr. 1857;1:66-69.,
Dataset_4_061,Miniopterus schreibersii,Nycteribia schmidlii,Arthrorhynchus nycteribiae,Palearctic,Slovakia,Szentiványi et al. (2018a),"Szentiványi T, Haelewaters D, Pfliegler WP, Clément L, Christe P, Glaizot O. Laboulbeniales (Fungi: Ascomycota) infection of bat flies (Diptera: Nycteribiidae) from Miniopterus schreibersii across Europe. Parasites Vectors. 2018;11:395. https://doi.org/10.1186/s13071-018-2921-6",
Dataset_4_062,Miniopterus schreibersii,Penicillidia dufouri,Arthrorhynchus nycteribiae,Palearctic,Spain,Szentiványi et al. (2018a),"Szentiványi T, Haelewaters D, Pfliegler WP, Clément L, Christe P, Glaizot O. Laboulbeniales (Fungi: Ascomycota) infection of bat flies (Diptera: Nycteribiidae) from Miniopterus schreibersii across Europe. Parasites Vectors. 2018;11:395. https://doi.org/10.1186/s13071-018-2921-6",
Dataset_4_063,Miniopterus schreibersii,Penicillidia conspicua,Arthrorhynchus nycteribiae,Palearctic,Spain,Balcells (1954),Balcells RE. Quirópteros de cuevas catalanas: Campaña de 1952-53. Speleon. 1954;5:105-110.,
Dataset_4_064,Myotis myotis,Penicillidia dufouri,Arthrorhynchus nycteribiae,Palearctic,Spain,Santamaría (2006),"Santamaría S. New or interesting Laboulbeniales (Fungi, Ascomycota) from Spain, V. Nova Hedwigia. 2006;82:349-363. https://doi.org/10.1127/0029-5035/2006/0082-0349",
Dataset_4_065,Miniopterus schreibersii,Penicillidia indica,Arthrorhynchus nycteribiae,Indo-Malayan,Sri Lanka [as Ceylon],Blackwell (1980),"Blackwell M. Incidence, host specificity, distribution, and morphological variation in Arthrorhynchus nycteribiae and A. eucampsipodae (Laboulbeniomycetes). Mycologia. 1980;72:143-158. https://doi.org/10.1080/00275514.1980.12021163 ",
Dataset_4_066,Miniopterus schreibersii,Penicillidia jenynsii,Arthrorhynchus nycteribiae,Indo-Malayan,Sri Lanka [as Ceylon],Thaxter (1931),Thaxter R. Contribution towards a monograph of the Laboulbeniaceae. Part V. Mem Am Acad Arts Sci. 1931;16:1-435. https://doi.org/10.2307/25058136,
Dataset_4_067,Hipposideros lankadiva,Phthiridium ceylonicum,Arthrorhynchus nycteribiae,Indo-Malayan,Sri Lanka [as Ceylon],Blackwell (1980),"Blackwell M. Incidence, host specificity, distribution, and morphological variation in Arthrorhynchus nycteribiae and A. eucampsipodae (Laboulbeniomycetes). Mycologia. 1980;72:143-158. https://doi.org/10.1080/00275514.1980.12021163",
Dataset_4_068,Rhinolophus rouxii rouxii,Phthiridium phillipsi,Arthrorhynchus nycteribiae,Indo-Malayan,Sri Lanka [as Ceylon],Blackwell (1980),"Blackwell M. Incidence, host specificity, distribution, and morphological variation in Arthrorhynchus nycteribiae and A. eucampsipodae (Laboulbeniomycetes). Mycologia. 1980;72:143-158. https://doi.org/10.1080/00275514.1980.12021163",
Dataset_4_069,Miniopterus schreibersii,Penicillidia conspicua,Arthrorhynchus nycteribiae,Palearctic,Switzerland,Balazuc (1971),"Balazuc J. Notes sur les Laboulbéniales. III. Rectifications, synonymies et mises au point (suite). Bull Mens Soc Linn Soc Bot Lyon. 1971;40:211-216.",
Dataset_4_070,Hipposideros caffer,Penicillidia pachymela,Arthrorhynchus nycteribiae,Afrotropical,Zambia,Blackwell (1980),"Blackwell M. Incidence, host specificity, distribution, and morphological variation in Arthrorhynchus nycteribiae and A. eucampsipodae (Laboulbeniomycetes). Mycologia. 1980;72:143-158. https://doi.org/10.1080/00275514.1980.12021163",
Dataset_4_071,Miniopterus schreibersii,Nycteribia parvula,Arthrorhynchus sp.,Indo-Malayan,India,Balazuc (1971),"Balazuc J. Notes sur les Laboulbéniales. III. Rectifications, synonymies et mises au point (suite). Bull Mens Soc Linn Soc Bot Lyon. 1971;40:211-216.",
Dataset_4_072,Rhinolophus capensis,Brachytarsina africana [as Nycteribosca],Dimeromyces capensis,Afrotropical,South Africa,Dogonniuck et al. (2019),"Dogonniuck AE, Squires TJ, Weir A. Studies on Dimorphomyceteae: I. New species of Nycteromyces and Dimeromyces (Laboulbeniales) on bat flies (Streblidae). Mycologia. 2019;111:118-126. https://doi.org/10.1080/00275514.2018.1538279",
Dataset_4_073,Miniopterus schreibersii [as M. schreibersiblepatis],Brachytarsina amboinensis [as Nycteribosca],Nycteromyces orientalis,Austral-Oceania,Australia,Dogonniuck et al. (2019),"Dogonniuck AE, Squires TJ, Weir A. Studies on Dimorphomyceteae: I. New species of Nycteromyces and Dimeromyces (Laboulbeniales) on bat flies (Streblidae). Mycologia. 2019;111:118-126. https://doi.org/10.1080/00275514.2018.1538279",
Dataset_4_074,Miniopterus fuliginosus,Brachytarsina amboinensis [as Nycteribosca],Nycteromyces orientalis,Indo-Malayan,India,Dogonniuck et al. (2019),"Dogonniuck AE, Squires TJ, Weir A. Studies on Dimorphomyceteae: I. New species of Nycteromyces and Dimeromyces (Laboulbeniales) on bat flies (Streblidae). Mycologia. 2019;111:118-126. https://doi.org/10.1080/00275514.2018.1538279",
Dataset_4_075,Myotis myotis,Nycteribia vexata,Laboulbeniales gen. & sp. indet.,Palearctic,Spain,Falcoz (1923),Falcoz L. Pupipara (Dipteres) (première série). Biospeologica XLIX. Arch Zool Exp Gen. 1923;61:521-552.,
Dataset_4_076,Miniopterus schreibersii,Penicillidia conspicua,Laboulbeniales gen. & sp. indet.,Palearctic,Spain,Falcoz (1923),Falcoz L. Pupipara (Dipteres) (première série). Biospeologica XLIX. Arch Zool Exp Gen. 1923;61:521-552.,
Dataset_4_077,Hipposideros lankadiva,Nycteribia (Acrocholidia) euxesta,Laboulbeniales gen. & sp. indet.,Indo-Malayan,Sri Lanka [as Ceylon],Scott (1936),"Scott H. Descriptions and records of Nycteribiidae (Diptera Pupipara), with a discussion of the genus Basilia. Zool  J Linn Soc. 1936;39:479-505.",
Dataset_4_078,Rhinolophus rouxii rouxii,Nycteribia (Acrocholidia) phillipsi,Laboulbeniales gen. & sp. indet.,Indo-Malayan,Sri Lanka [as Ceylon],Scott (1936),"Scott H. Descriptions and records of Nycteribiidae (Diptera Pupipara), with a discussion of the genus Basilia. Zool  J Linn Soc. 1936;39:479-505.",
Dataset_4_079,Phyllostomus hastatus,Trichobius longipes,Gloeandromyces dickii,Neotropical,Ecuador,Haelewaters and Pfister (2019),"Haelewaters D, Pfister DH. Morphological species of Gloeandromyces (Ascomycota, Laboulbeniales) evaluated using single-locus species delimitation methods. Fungal Syst Evol. 2019;3:171184. https://doi.org/doi.org/10.3114/fuse.2020.05.13 ",
Dataset_4_080,Carollia perspicillata,Trichobius joblingi,Gloeandromyces dickii,Neotropical,Nicaragua,Haelewaters and Pfister (2019),"Haelewaters D, Pfister DH. Morphological species of Gloeandromyces (Ascomycota, Laboulbeniales) evaluated using single-locus species delimitation methods. Fungal Syst Evol. 2019;3:171184. https://doi.org/doi.org/10.3114/fuse.2020.05.13 ",
Dataset_4_081,Carollia perspicillata,Trichobius joblingi,Gloeandromyces dickii [as G. sp. nov. 3 in Walker et al. 2018],Neotropical,Panama,Walker et al. (2018),"Walker MJ, Dorrestein A, Camacho JJ, Meckler LA, Silas KA, Hiller T, Haelewaters D. A tripartite survey of hyperparasitic fungi associated with ectoparasitic flies on bats (Mammalia: Chiroptera) in a neotropical cloud forest in Panama. Parasite. 2018;25:19. https://doi.org/10.1051/parasite/2018017",
Dataset_4_082,Phyllostomus hastatus,Mastoptera guimaraesi,Gloeandromyces hilleri,Neotropical,Ecuador,Liu et al. (2020),"Liu J, Haelewaters D, Pfliegler WP, Page RA, Dick CW, Aime MC. A new species of Gloeandromyces from Ecuador and Panama revealed by morphology and phylogenetic reconstruction, with a discussion of secondary barcodes in Laboulbeniomycetes taxonomy. Mycologia. 2020;112:1192-1202. https://doi.org/10.1080/00275514.2020.1781496",
Dataset_4_083,Phyllostomus hastatus,Mastoptera guimaraesi,Gloeandromyces hilleri,Neotropical,Panama,Liu et al. (2020),"Liu J, Haelewaters D, Pfliegler WP, Page RA, Dick CW, Aime MC. A new species of Gloeandromyces from Ecuador and Panama revealed by morphology and phylogenetic reconstruction, with a discussion of secondary barcodes in Laboulbeniomycetes taxonomy. Mycologia. 2020;112:1192-1202. https://doi.org/10.1080/00275514.2020.1781496",
Dataset_4_084,Pteronotus parnellii,Trichobius yunkeri,Gloeandromyces nycteribiidarum ,Neotropical,Costa Rica,de Groot et al. (2020),"de Groot MD, Dumolein I, Hiller T, Sándor AD, Szentiványi T, Schilthuizen M, Aime MC, Verbeken A, Haelewaters D. On the Fly: Tritrophic Associations of Bats, Bat Flies, and Fungi. J Fungi. 2020;6:361. https://doi.org/10.3390/jof6040361",
Dataset_4_085,Artibeus jamaicensis grenadensis [as A. grenadensis],Megistopoda aranea [as Pterellipsis aranea],Gloeandromyces nycteribiidarum,Neotropical,Grenada,Thaxter (1931),Thaxter R. Contribution towards a monograph of the Laboulbeniaceae. Part V. Mem Am Acad Arts Sci. 1931;16:1-435. https://doi.org/10.2307/25058136,
Dataset_4_086,Anoura geoffroyi,Exastinion clovisi,Gloeandromyces nycteribiidarum ,Western Hemisphere,Mexico,de Groot et al. (2020),"de Groot MD, Dumolein I, Hiller T, Sándor AD, Szentiványi T, Schilthuizen M, Aime MC, Verbeken A, Haelewaters D. On the Fly: Tritrophic Associations of Bats, Bat Flies, and Fungi. J Fungi. 2020;6:361. https://doi.org/10.3390/jof6040361",
Dataset_4_087,Leptonycteris nivalis,Trichobius sphaeronotus,Gloeandromyces nycteribiidarum ,Western Hemisphere,Mexico,de Groot et al. (2020),"de Groot MD, Dumolein I, Hiller T, Sándor AD, Szentiványi T, Schilthuizen M, Aime MC, Verbeken A, Haelewaters D. On the Fly: Tritrophic Associations of Bats, Bat Flies, and Fungi. J Fungi. 2020;6:361. https://doi.org/10.3390/jof6040361",
Dataset_4_088,Artibeus jamaicensis,Megistopoda aranea,Gloeandromyces nycteribiidarum ,Neotropical,Panama,Walker et al. (2018),"Walker MJ, Dorrestein A, Camacho JJ, Meckler LA, Silas KA, Hiller T, Haelewaters D. A tripartite survey of hyperparasitic fungi associated with ectoparasitic flies on bats (Mammalia: Chiroptera) in a neotropical cloud forest in Panama. Parasite. 2018;25:19. https://doi.org/10.1051/parasite/2018017",
Dataset_4_089,Pteronotus parnellii,Trichobius yunkeri,Gloeandromyces nycteribiidarum ,Neotropical,Panama,de Groot et al. (2020),"de Groot MD, Dumolein I, Hiller T, Sándor AD, Szentiványi T, Schilthuizen M, Aime MC, Verbeken A, Haelewaters D. On the Fly: Tritrophic Associations of Bats, Bat Flies, and Fungi. J Fungi. 2020;6:361. https://doi.org/10.3390/jof6040361",
Dataset_4_090,Choeronycteris mexicana,Trichobius sp. nov.,Gloeandromyces streblae,Western Hemisphere,Mexico,de Groot et al. (2020),"de Groot MD, Dumolein I, Hiller T, Sándor AD, Szentiványi T, Schilthuizen M, Aime MC, Verbeken A, Haelewaters D. On the Fly: Tritrophic Associations of Bats, Bat Flies, and Fungi. J Fungi. 2020;6:361. https://doi.org/10.3390/jof6040361",
Dataset_4_091,Artibeus jamaicensis,Megistopoda aranea,Gloeandromyces streblae,Neotropical,Panama,Walker et al. (2018),"Walker MJ, Dorrestein A, Camacho JJ, Meckler LA, Silas KA, Hiller T, Haelewaters D. A tripartite survey of hyperparasitic fungi associated with ectoparasitic flies on bats (Mammalia: Chiroptera) in a neotropical cloud forest in Panama. Parasite. 2018;25:19. https://doi.org/10.1051/parasite/2018017",
Dataset_4_092,Trachops cirrhosus,Trichobius dugesioides,Gloeandromyces streblae,Neotropical,Panama,Walker et al. (2018),"Walker MJ, Dorrestein A, Camacho JJ, Meckler LA, Silas KA, Hiller T, Haelewaters D. A tripartite survey of hyperparasitic fungi associated with ectoparasitic flies on bats (Mammalia: Chiroptera) in a neotropical cloud forest in Panama. Parasite. 2018;25:19. https://doi.org/10.1051/parasite/2018017",
Dataset_4_093,Carollia castanea,Trichobius joblingi,Gloeandromyces streblae,Neotropical,Panama,de Groot et al. (2020),"de Groot MD, Dumolein I, Hiller T, Sándor AD, Szentiványi T, Schilthuizen M, Aime MC, Verbeken A, Haelewaters D. On the Fly: Tritrophic Associations of Bats, Bat Flies, and Fungi. J Fungi. 2020;6:361. https://doi.org/10.3390/jof6040361",
Dataset_4_094,Carollia perspicillata,Trichobius joblingi,Gloeandromyces streblae,Neotropical,Panama,Walker et al. (2018),"Walker MJ, Dorrestein A, Camacho JJ, Meckler LA, Silas KA, Hiller T, Haelewaters D. A tripartite survey of hyperparasitic fungi associated with ectoparasitic flies on bats (Mammalia: Chiroptera) in a neotropical cloud forest in Panama. Parasite. 2018;25:19. https://doi.org/10.1051/parasite/2018017",
Dataset_4_095,Glossophaga soricina,Trichobius uniformis,Gloeandromyces streblae,Neotropical,Panama,de Groot et al. (2020),"de Groot MD, Dumolein I, Hiller T, Sándor AD, Szentiványi T, Schilthuizen M, Aime MC, Verbeken A, Haelewaters D. On the Fly: Tritrophic Associations of Bats, Bat Flies, and Fungi. J Fungi. 2020;6:361. https://doi.org/10.3390/jof6040361",
Dataset_4_096,Pteronotus parnellii,Trichobius yunkeri,Gloeandromyces nycteribiidarum,Neotropical,Panama,de Groot et al. (2020),"de Groot MD, Dumolein I, Hiller T, Sándor AD, Szentiványi T, Schilthuizen M, Aime MC, Verbeken A, Haelewaters D. On the Fly: Tritrophic Associations of Bats, Bat Flies, and Fungi. J Fungi. 2020;6:361. https://doi.org/10.3390/jof6040361",
Dataset_4_097,Carollia perspicillata,Trichobius joblingi,Gloeandromyces streblae,Neotropical,Trinidad,de Groot et al. (2020),"de Groot MD, Dumolein I, Hiller T, Sándor AD, Szentiványi T, Schilthuizen M, Aime MC, Verbeken A, Haelewaters D. On the Fly: Tritrophic Associations of Bats, Bat Flies, and Fungi. J Fungi. 2020;6:361. https://doi.org/10.3390/jof6040361",
Dataset_4_098,Carollia perspicillata,Trichobius joblingi,Gloeandromyces streblae f. sigmomorphus [as G. sp. nov. 2 in Walker et al. 2018],Neotropical,Panama,Walker et al. (2018),"Walker MJ, Dorrestein A, Camacho JJ, Meckler LA, Silas KA, Hiller T, Haelewaters D. A tripartite survey of hyperparasitic fungi associated with ectoparasitic flies on bats (Mammalia: Chiroptera) in a neotropical cloud forest in Panama. Parasite. 2018;25:1",
Dataset_4_099,Carollia brevicauda,Trichobius joblingi,Gloeandromyces pageanus f. alarum [as G. sp. nov. 1 in Walker et al. 2018],Neotropical,Panama,Walker et al. (2018),"Walker MJ, Dorrestein A, Camacho JJ, Meckler LA, Silas KA, Hiller T, Haelewaters D. A tripartite survey of hyperparasitic fungi associated with ectoparasitic flies on bats (Mammalia: Chiroptera) in a neotropical cloud forest in Panama. Parasite. 2018;25:19. https://doi.org/10.1051/parasite/2018017",
Dataset_4_100,Carollia perspicillata,Trichobius joblingi,Gloeandromyces pageanus f. alarum [as G. sp. nov. 1 in Walker et al. 2018],Neotropical,Panama,Walker et al. (2018),"Walker MJ, Dorrestein A, Camacho JJ, Meckler LA, Silas KA, Hiller T, Haelewaters D. A tripartite survey of hyperparasitic fungi associated with ectoparasitic flies on bats (Mammalia: Chiroptera) in a neotropical cloud forest in Panama. Parasite. 2018;25:19. https://doi.org/10.1051/parasite/2018017",
Dataset_4_101,Trachops cirrhosus,Trichobius dugesioides,Gloeandromyces pageanus f. pageanus,Neotropical,Panama,Walker et al. (2018),"Walker MJ, Dorrestein A, Camacho JJ, Meckler LA, Silas KA, Hiller T, Haelewaters D. A tripartite survey of hyperparasitic fungi associated with ectoparasitic flies on bats (Mammalia: Chiroptera) in a neotropical cloud forest in Panama. Parasite. 2018;25:19. https://doi.org/10.1051/parasite/2018017",
Dataset_4_102,Trachops cirrhosus,Trichobius dugesioides,Gloeandromyces pageanus f. polymorphus,Neotropical,Panama,Haelewaters and Pfister (2019),"Haelewaters D, Pfister DH. Morphological species of Gloeandromyces (Ascomycota, Laboulbeniales) evaluated using single-locus species delimitation methods. Fungal Syst. Evol. 2019;3:171184. https://doi.org/doi.org/10.3114/fuse.2020.05.13 ",
Dataset_4_103,Carollia perspicillata,Trichobius joblingi,Gloeandromyces pageanus f. polymorphus [as G. sp. nov. 1 in Walker et al. 2018],Neotropical,Panama,Walker et al. (2018),"Walker MJ, Dorrestein A, Camacho JJ, Meckler LA, Silas KA, Hiller T, Haelewaters D. A tripartite survey of hyperparasitic fungi associated with ectoparasitic flies on bats (Mammalia: Chiroptera) in a neotropical cloud forest in Panama. Parasite. 2018;25:19. https://doi.org/10.1051/parasite/2018017",
Dataset_4_104,Carollia perspicillata,Trichobius joblingi,Gloeandromyces pageanus f. polymorphus [erroneously identified as G. nycteribiidarum in Haelewaters et al. 2015],Neotropical,Trinidad,Haelewaters et al. (2015),"Haelewaters D, Gorczak M, Pfliegler WP, Tartally A, Tischer M, Wrzosek M, Pfister DH. Bringing Laboulbeniales into the 21st century: enhanced techniques for extraction and PCR amplification of DNA from minute ectoparasitic fungi. IMA Fungus. 2015;6:363-372. https://doi.org/10.5598/imafungus.2015.06.02.08",
Dataset_4_105,Carollia perspicillata,Speiseria ambigua,Gloeandromyces sp.,Neotropical,Panama,Walker et al. (2018),"Walker MJ, Dorrestein A, Camacho JJ, Meckler LA, Silas KA, Hiller T, Haelewaters D. A tripartite survey of hyperparasitic fungi associated with ectoparasitic flies on bats (Mammalia: Chiroptera) in a neotropical cloud forest in Panama. Parasite. 2018;25:1",
Dataset_4_106,Desmodus rotundus,Strebla wiedemanni [as S. vespertilionis],Gloeandromyces streblae Thaxt.,Neotropical,Venezuela,Thaxter (1931),Thaxter R. Contribution towards a monograph of the Laboulbeniaceae. Part V. Mem Am Acad Arts Sci. 1931;16:1-435. https://doi.org/10.2307/25058136,
Dataset_4_107,Phyllostomus hastatus,Trichobius longipes,Nycteromyces streblidinus,Neotropical,Costa Rica,de Groot et al. (2020),"de Groot MD, Dumolein I, Hiller T, Sándor AD, Szentiványi T, Schilthuizen M, Aime MC, Verbeken A, Haelewaters D. On the Fly: Tritrophic Associations of Bats, Bat Flies, and Fungi. J Fungi. 2020;6:361. https://doi.org/10.3390/jof6040361",
Dataset_4_108,Phyllostomus discolor,Trichobius sp.,Nycteromyces streblidinus,Neotropical,Costa Rica,Dogonniuck et al. (2019),"Dogonniuck AE, Squires TJ, Weir A. Studies on Dimorphomyceteae: I. New species of Nycteromyces and Dimeromyces (Laboulbeniales) on bat flies (Streblidae). Mycologia. 2019;111:118-126. https://doi.org/10.1080/00275514.2018.1538279",
Dataset_4_109,Carollia perspicillata,Speiseria ambigua,Nycteromyces streblidinus,Neotropical,Honduras,de Groot et al. (2020),"de Groot MD, Dumolein I, Hiller T, Sándor AD, Szentiványi T, Schilthuizen M, Aime MC, Verbeken A, Haelewaters D. On the Fly: Tritrophic Associations of Bats, Bat Flies, and Fungi. J Fungi. 2020;6:361. https://doi.org/10.3390/jof6040361",
Dataset_4_110,Desmodus rotundus,Trichobius joblingi,Nycteromyces streblidinus,Neotropical,Honduras,de Groot et al. (2020),"de Groot MD, Dumolein I, Hiller T, Sándor AD, Szentiványi T, Schilthuizen M, Aime MC, Verbeken A, Haelewaters D. On the Fly: Tritrophic Associations of Bats, Bat Flies, and Fungi. J Fungi. 2020;6:361. https://doi.org/10.3390/jof6040361",
Dataset_4_111,Sturnira lilium,Trichobius joblingi,Nycteromyces streblidinus,Neotropical,Honduras,de Groot et al. (2020),"de Groot MD, Dumolein I, Hiller T, Sándor AD, Szentiványi T, Schilthuizen M, Aime MC, Verbeken A, Haelewaters D. On the Fly: Tritrophic Associations of Bats, Bat Flies, and Fungi. J Fungi. 2020;6:361. https://doi.org/10.3390/jof6040361",
Dataset_4_112,Desmodus rotundus,Trichobius parasiticus,Nycteromyces streblidinus,Neotropical,Honduras,de Groot et al. (2020),"de Groot MD, Dumolein I, Hiller T, Sándor AD, Szentiványi T, Schilthuizen M, Aime MC, Verbeken A, Haelewaters D. On the Fly: Tritrophic Associations of Bats, Bat Flies, and Fungi. J Fungi. 2020;6:361. https://doi.org/10.3390/jof6040361",
Dataset_4_113,Natalus stramineus,Trichobius galei,Nycteromyces streblidinus,Western Hemisphere,Mexico,de Groot et al. (2020),"de Groot MD, Dumolein I, Hiller T, Sándor AD, Szentiványi T, Schilthuizen M, Aime MC, Verbeken A, Haelewaters D. On the Fly: Tritrophic Associations of Bats, Bat Flies, and Fungi. J Fungi. 2020;6:361. https://doi.org/10.3390/jof6040361",
Dataset_4_114,Artibeus jamaicensis,Megistopoda aranea,Nycteromyces streblidinus,Neotropical,Panama,Walker et al. (2018),"Walker MJ, Dorrestein A, Camacho JJ, Meckler LA, Silas KA, Hiller T, Haelewaters D. A tripartite survey of hyperparasitic fungi associated with ectoparasitic flies on bats (Mammalia: Chiroptera) in a neotropical cloud forest in Panama. Parasite. 2018;25:19. https://doi.org/10.1051/parasite/2018017",
Dataset_4_115,Carollia brevicauda,Trichobius joblingi,Nycteromyces streblidinus,Neotropical,Panama,Walker et al. (2018),"Walker MJ, Dorrestein A, Camacho JJ, Meckler LA, Silas KA, Hiller T, Haelewaters D. A tripartite survey of hyperparasitic fungi associated with ectoparasitic flies on bats (Mammalia: Chiroptera) in a neotropical cloud forest in Panama. Parasite. 2018;25:19. https://doi.org/10.1051/parasite/2018017",
Dataset_4_116,Carollia perspicillata,Trichobius joblingi,Nycteromyces streblidinus,Neotropical,Panama,Walker et al. (2018),"Walker MJ, Dorrestein A, Camacho JJ, Meckler LA, Silas KA, Hiller T, Haelewaters D. A tripartite survey of hyperparasitic fungi associated with ectoparasitic flies on bats (Mammalia: Chiroptera) in a neotropical cloud forest in Panama. Parasite. 2018;25:19. https://doi.org/10.1051/parasite/2018017",
Dataset_4_117,Carollia castanea,Streblidae gen. & sp. indet.,Nycteromyces streblidinus,Neotropical,Peru,Dogonniuck et al. (2019),"Dogonniuck AE, Squires TJ, Weir A. Studies on Dimorphomyceteae: I. New species of Nycteromyces and Dimeromyces (Laboulbeniales) on bat flies (Streblidae). Mycologia. 2019;111:118-126. https://doi.org/10.1080/00275514.2018.1538279",
Dataset_4_118,Desmodus rotundus,Strebla wiedemanni [as S. vespertilionis],Nycteromyces streblidinus Thaxt.,Neotropical,Venezuela,Thaxter (1917),"Thaxter R. New Laboulbeniales, chiefly dipterophilous American species. Proc Am Acad Arts Sci. 1917;52:649-721. https://doi.org/10.2307/20025703",
Dataset_4_119,Glossophaga soricina,Trichobius uniformis,Laboulbeniales gen. & sp. indet.,Neotropical,Brazil,Graciolli et al. (2001),"Graciolli G, Coelho DC. Streblidae (Diptera, Hippoboscoidea) sobre morcegos filomídos (Chiroptera, Phyllostomidae) em cavernas do Distrito Federal Brasil. Rev Bras Zool. 2001;18:965-970. https://doi.org/10.1590/S0101-81752001000300028",
Dataset_4_120,Glossophaga soricina,Trichobius dugesii,Laboulbeniales gen. & sp. indet.,Neotropical,Brazil,Graciolli et al. (2001),"Graciolli G, Coelho DC. Streblidae (Diptera, Hippoboscoidea) sobre morcegos filomídos (Chiroptera, Phyllostomidae) em cavernas do Distrito Federal Brasil. Rev Bras Zool. 2001;18:965-970. https://doi.org/10.1590/S0101-81752001000300028",
Dataset_4_121,Sturnira lilium,Megistopoda proxima,Laboulbeniales gen. & sp. indet.,Neotropical,Brazil,Bertola et al. (2005),"Bertola PB, Aires CC, Favorito SE, Graciolli G, Amaku M, Pinto-da-Rocha R. Bat flies (Diptera: Streblidae, Nycteribiidae) parasitic on bats (Mammalia: Chiroptera) at Parque Estadual da Cantareira, Sa_o Paulo, Brazil: parasitism rates and host-parasite associations. Mem Inst Oswaldo Cruz, Rio de Janeiro. 2005;100:25-32. https://doi.org/10.1590/S0074-02762005000100005",
Dataset_4_122,Myotis ruber,Anatrichobius passosi,Laboulbeniales gen. & sp. indet.,Neotropical,Brazil,Bertola et al. (2005),"Bertola PB, Aires CC, Favorito SE, Graciolli G, Amaku M, Pinto-da-Rocha R. Bat flies (Diptera: Streblidae, Nycteribiidae) parasitic on bats (Mammalia: Chiroptera) at Parque Estadual da Cantareira, Sa_o Paulo, Brazil: parasitism rates and host-parasite associations. Mem Inst Oswaldo Cruz, Rio de Janeiro. 2005;100:25-32. https://doi.org/10.1590/S0074-02762005000100005",
Dataset_4_123,Artibeus lituratus,Paratrichobius longicrus,Laboulbeniales gen. & sp. indet.,Neotropical,Brazil,Bertola et al. (2005),"Bertola PB, Aires CC, Favorito SE, Graciolli G, Amaku M, Pinto-da-Rocha R. Bat flies (Diptera: Streblidae, Nycteribiidae) parasitic on bats (Mammalia: Chiroptera) at Parque Estadual da Cantareira, Sa_o Paulo, Brazil: parasitism rates and host-parasite associations. Mem Inst Oswaldo Cruz, Rio de Janeiro. 2005;100:25-32. https://doi.org/10.1590/S0074-02762005000100005",
Dataset_4_124,Carollia perspicillata,Speiseria ambigua,Laboulbeniales gen. & sp. indet.,Neotropical,Costa Rica,Fritz (1983),Fritz GN. Biology and ecology of bat flies (Diptera: Streblidae) on bats in the genus Carollia. J Med Entomol. 1983;20:1-10. https://doi.org/10.1093/jmedent/20.1.1,
Dataset_4_125,Carollia perspicillata,Strebla guajiro,Laboulbeniales gen. & sp. indet.,Neotropical,Costa Rica,Fritz (1983),Fritz GN. Biology and ecology of bat flies (Diptera: Streblidae) on bats in the genus Carollia. J Med Entomol. 1983;20:1-10. https://doi.org/10.1093/jmedent/20.1.1,
Dataset_4_126,Carollia perspicillata,Trichobius joblingi,Laboulbeniales gen. & sp. indet.,Neotropical,Costa Rica,Fritz (1983),Fritz GN. Biology and ecology of bat flies (Diptera: Streblidae) on bats in the genus Carollia. J Med Entomol. 1983;20:1-10. https://doi.org/10.1093/jmedent/20.1.1,